{
  "precision": 0.9959239130434783,
  "recall": 0.9812583668005355,
  "f1": 0.9885367498314228,
  "roc_auc": 0.9987589332539051,
  "confusion_matrix": [
    [
      4824,
      3
    ],
    [
      14,
      733
    ]
  ]
}