{
  "0": {
    "precision": 0.9876923076923076,
    "recall": 0.9968944099378882,
    "f1-score": 0.9922720247295209,
    "support": 966.0
  },
  "1": {
    "precision": 0.9785714285714285,
    "recall": 0.9194630872483222,
    "f1-score": 0.9480968858131488,
    "support": 149.0
  },
  "accuracy": 0.9865470852017937,
  "macro avg": {
    "precision": 0.9831318681318681,
    "recall": 0.9581787485931053,
    "f1-score": 0.9701844552713348,
    "support": 1115.0
  },
  "weighted avg": {
    "precision": 0.986473463755975,
    "recall": 0.9865470852017937,
    "f1-score": 0.9863687998877815,
    "support": 1115.0
  }
}